{
  "ckpt": "out\\kido_run\\checkpoints\\best.pt",
  "n_aug": 8,
  "tta_accuracy": 0.5377358490566038,
  "tta_macro_f1": 0.5403106594685118,
  "per_class_f1": {
    "Happy": 0.6534653465346535,
    "Sad": 0.4827586206896552,
    "Angry": 0.6019417475728155,
    "Fear": 0.4230769230769231
  }
}