{
  "ckpt": "out\\final_run\\checkpoints\\best.pt",
  "n_aug": 8,
  "tta_accuracy": 0.5330188679245284,
  "tta_macro_f1": 0.5363052365082251,
  "per_class_f1": {
    "Happy": 0.5813953488372093,
    "Sad": 0.5242718446601942,
    "Angry": 0.5689655172413793,
    "Fear": 0.47058823529411764
  }
}